{"initial_reset_timestamp": 1543773491.789828, "timestamps": [1543773491.8878784], "episode_lengths": [6], "episode_rewards": [0.95], "episode_types": ["t"]}