{"initial_reset_timestamp": 1543776423.569515, "timestamps": [1543776423.702162], "episode_lengths": [18], "episode_rewards": [0.83], "episode_types": ["t"]}