{"initial_reset_timestamp": 1543777264.1815956, "timestamps": [1543777264.4127598], "episode_lengths": [27], "episode_rewards": [0.74], "episode_types": ["t"]}