{"initial_reset_timestamp": 1543775516.7212324, "timestamps": [1543775516.8445992], "episode_lengths": [12], "episode_rewards": [0.89], "episode_types": ["t"]}