{"initial_reset_timestamp": 1543777499.4920382, "timestamps": [1543777500.223952], "episode_lengths": [94], "episode_rewards": [0.0699999999999994], "episode_types": ["t"]}