{"initial_reset_timestamp": 1543774178.301773, "timestamps": [1543774179.818155], "episode_lengths": [158], "episode_rewards": [-0.5700000000000012], "episode_types": ["t"]}